<!DOCTYPE mapper
        PUBLIC "-//mybatis.org//DTD Mapper 3.0//EN"
        "http://mybatis.org/dtd/mybatis-3-mapper.dtd">
<mapper namespace="com.example.mapper.CollectMapper">

    <select id="selectAll" resultType="com.example.entity.Collect">
        select * from `collect`
        <where>
            <if test="userId != null"> and user_id = #{userId}</if>
            <if test="filmId != null"> and film_id = #{filmId}</if>
        </where>
    </select>

    <delete id="deleteById">
        delete from `collect`
        where id = #{id}
    </delete>

    <insert id="insert" parameterType="com.example.entity.Collect" useGeneratedKeys="true">
        insert into `collect`
        <trim prefix="(" suffix=")" suffixOverrides=",">
            <if test="id != null">id,</if>
            <if test="filmId != null">film_id,</if>
            <if test="userId != null">user_id,</if>
        </trim>
        <trim prefix="values (" suffix=")" suffixOverrides=",">
            <if test="id != null">#{id},</if>
            <if test="filmId != null">#{filmId},</if>
            <if test="userId != null">#{userId},</if>
        </trim>
    </insert>

</mapper>