<!DOCTYPE mapper
        PUBLIC "-//mybatis.org//DTD Mapper 3.0//EN"
        "http://mybatis.org/dtd/mybatis-3-mapper.dtd">
<mapper namespace="com.example.mapper.OrdersMapper">

    <select id="selectAll" resultType="com.example.entity.Orders">
        select orders.*, user.name as userName, film.title as filmName, film.img as filmImg, cinema.name as cinemaName, room.name as roomName from `orders`
        left join user on orders.user_id = user.id
        left join film on orders.film_id = film.id
        left join cinema on orders.cinema_id = cinema.id
        left join room on orders.room_id = room.id
        <where>
            <if test="orderNo != null"> and orders.order_no = #{orderNo}</if>
            <if test="status != null"> and orders.status = #{status}</if>
            <if test="userId != null"> and orders.user_id = #{userId}</if>
            <if test="cinemaId != null"> and orders.cinema_id = #{cinemaId}</if>
            <if test="roomId != null"> and orders.room_id = #{roomId}</if>
            <if test="filmId != null"> and orders.film_id = #{filmId}</if>
            <if test="cinemaName != null"> and cinema.name like concat('%', #{cinemaName}, '%')</if>
            <if test="createTime != null"> and orders.create_time like concat('%', #{createTime}, '%')</if>
        </where>
        order by id desc
    </select>

    <delete id="deleteById">
        delete from `orders`
        where id = #{id}
    </delete>

    <insert id="insert" parameterType="com.example.entity.Orders" useGeneratedKeys="true">
        insert into `orders`
        <trim prefix="(" suffix=")" suffixOverrides=",">
            <if test="id != null">id,</if>
            <if test="orderNo != null">order_no,</if>
            <if test="userId != null">user_id,</if>
            <if test="filmId != null">film_id,</if>
            <if test="cinemaId != null">cinema_id,</if>
            <if test="roomId != null">room_id,</if>
            <if test="createTime != null">create_time,</if>
            <if test="time != null">time,</if>
            <if test="seat != null">seat,</if>
            <if test="price != null">price,</if>
            <if test="status != null">status,</if>
        </trim>
        <trim prefix="values (" suffix=")" suffixOverrides=",">
            <if test="id != null">#{id},</if>
            <if test="orderNo != null">#{orderNo},</if>
            <if test="userId != null">#{userId},</if>
            <if test="filmId != null">#{filmId},</if>
            <if test="cinemaId != null">#{cinemaId},</if>
            <if test="roomId != null">#{roomId},</if>
            <if test="createTime != null">#{createTime},</if>
            <if test="time != null">#{time},</if>
            <if test="seat != null">#{seat},</if>
            <if test="price != null">#{price},</if>
            <if test="status != null">#{status},</if>
        </trim>
    </insert>

    <update id="updateById" parameterType="com.example.entity.Orders">
        update `orders`
        <set>
            <if test="status != null">
                status = #{status},
            </if>
        </set>
        where id = #{id}
    </update>

</mapper>