<!DOCTYPE mapper
        PUBLIC "-//mybatis.org//DTD Mapper 3.0//EN"
        "http://mybatis.org/dtd/mybatis-3-mapper.dtd">
<mapper namespace="com.example.mapper.RoomMapper">

    <select id="selectAll" resultType="com.example.entity.Room">
        select room.*, cinema.name as cinemaName from `room`
        left join cinema on room.cinema_id = cinema.id
        <where>
            <if test="name != null"> and room.name like concat('%', #{name}, '%')</if>
            <if test="cinemaName != null"> and cinema.name like concat('%', #{cinemaName}, '%')</if>
            <if test="cinemaId != null"> and room.cinema_id = #{cinemaId}</if>
        </where>
        order by id desc
    </select>

    <delete id="deleteById">
        delete from `room`
        where id = #{id}
    </delete>

    <insert id="insert" parameterType="com.example.entity.Room" useGeneratedKeys="true">
        insert into `room`
        <trim prefix="(" suffix=")" suffixOverrides=",">
            <if test="id != null">id,</if>
            <if test="cinemaId != null">cinema_id,</if>
            <if test="name != null">name,</if>
        </trim>
        <trim prefix="values (" suffix=")" suffixOverrides=",">
            <if test="id != null">#{id},</if>
            <if test="cinemaId != null">#{cinemaId},</if>
            <if test="name != null">#{name},</if>
        </trim>
    </insert>

    <update id="updateById" parameterType="com.example.entity.Room">
        update `room`
        <set>
            <if test="name != null">
                name = #{name},
            </if>
        </set>
        where id = #{id}
    </update>

</mapper>