<!DOCTYPE mapper
        PUBLIC "-//mybatis.org//DTD Mapper 3.0//EN"
        "http://mybatis.org/dtd/mybatis-3-mapper.dtd">
<mapper namespace="com.example.mapper.TypeMapper">

    <select id="selectAll" resultType="com.example.entity.Type">
        select * from `type`
        <where>
            <if test="title != null"> and title like concat('%', #{title}, '%')</if>
        </where>
    </select>

    <delete id="deleteById">
        delete from `type`
        where id = #{id}
    </delete>

    <insert id="insert" parameterType="com.example.entity.Type" useGeneratedKeys="true">
        insert into `type`
        <trim prefix="(" suffix=")" suffixOverrides=",">
            <if test="id != null">id,</if>
            <if test="title != null">title,</if>
        </trim>
        <trim prefix="values (" suffix=")" suffixOverrides=",">
            <if test="id != null">#{id},</if>
            <if test="title != null">#{title},</if>
        </trim>
    </insert>

    <update id="updateById" parameterType="com.example.entity.Type">
        update `type`
        <set>
            <if test="title != null">
                title = #{title},
            </if>
        </set>
        where id = #{id}
    </update>

</mapper>