<!DOCTYPE mapper
        PUBLIC "-//mybatis.org//DTD Mapper 3.0//EN"
        "http://mybatis.org/dtd/mybatis-3-mapper.dtd">
<mapper namespace="com.example.mapper.VideoMapper">

    <select id="selectAll" resultType="com.example.entity.Video">
        select video.*, film.title as filmName, film.img as filmImg from `video`
        left join film on video.film_id = film.id
        <where>
            <if test="name != null"> and film.title like concat('%', #{name}, '%')</if>
            <if test="filmId != null"> and video.film_id = #{filmId}</if>
        </where>
    </select>

    <delete id="deleteById">
        delete from `video`
        where id = #{id}
    </delete>

    <insert id="insert" parameterType="com.example.entity.Video" useGeneratedKeys="true">
        insert into `video`
        <trim prefix="(" suffix=")" suffixOverrides=",">
            <if test="id != null">id,</if>
            <if test="filmId != null">film_id,</if>
            <if test="name != null">name,</if>
            <if test="img != null">img,</if>
            <if test="video != null">video,</if>
            <if test="time != null">time,</if>
        </trim>
        <trim prefix="values (" suffix=")" suffixOverrides=",">
            <if test="id != null">#{id},</if>
            <if test="filmId != null">#{filmId},</if>
            <if test="name != null">#{name},</if>
            <if test="img != null">#{img},</if>
            <if test="video != null">#{video},</if>
            <if test="time != null">#{time},</if>
        </trim>
    </insert>

    <update id="updateById" parameterType="com.example.entity.Video">
        update `video`
        <set>
            <if test="filmId != null">
                film_id = #{filmId},
            </if>
            <if test="name != null">
                name = #{name},
            </if>
            <if test="img != null">
                img = #{img},
            </if>
            <if test="video != null">
                video = #{video},
            </if>
        </set>
        where id = #{id}
    </update>

</mapper>